,date,gdp,ulc,ir,cpi,nhs,cu,rs,napm,nfp,ur,cci
0,1/1/1992,6380.798,80.847,3.5,138.3,676,79.2537,164083,47.3,108374,7.3,93.95661756
1,2/1/1992,6417.965,80.84433333,3.5,138.6,639,79.6575,164260,52.7,108317,7.4,95.76615242
2,3/1/1992,6455.132,80.84166667,3.5,139.1,553,80.1571,163747,54.6,108369,7.4,105.7881916
3,4/1/1992,6492.299,80.839,3.5,139.4,546,80.591,164759,52.6,108526,7.4,107.4585315
4,5/1/1992,6523.715333,80.91266667,3.5,139.7,554,80.679,165617,55.7,108653,7.6,110.2424313
5,6/1/1992,6555.131667,80.98633333,3.5,140.1,596,80.5131,166098,53.6,108718,7.8,111.9127711
6,7/1/1992,6586.548,81.06,3.02,140.5,627,81.058,167305,53.9,108792,7.7,106.6233616
7,8/1/1992,6623.549667,81.11666667,3,140.8,636,80.4887,167797,53.4,108927,7.6,105.9273866
8,9/1/1992,6660.551333,81.17333333,3,141.1,650,80.5085,169407,49.7,108959,7.6,105.2314117
9,10/1/1992,6697.553,81.23,3,141.7,621,80.9545,170681,50.3,109145,7.3,102.0299269
10,11/1/1992,6714.429333,81.23433333,3,142.1,614,81.1504,171025,53.6,109277,7.4,118.7333256
11,12/1/1992,6731.305667,81.23866667,3,142.3,650,81.0779,172995,54.2,109494,7.4,126.66744
12,1/1/1993,6748.182,81.243,3,142.8,596,81.2928,175078,55.8,109804,7.3,124.3011252
13,2/1/1993,6775.319333,81.597,3,143.1,604,81.5213,173770,55.2,110051,7.1,120.5428605
14,3/1/1993,6802.456667,81.951,3,143.3,602,81.2916,172328,53.5,109997,7,119.5684955
15,4/1/1993,6829.594,82.305,3,143.8,701,81.4603,176766,50.2,110304,7.1,119.1509106
16,5/1/1993,6854.47,82.34266667,3,144.2,626,81.0666,178445,51.2,110573,7.1,111.7735762
17,6/1/1993,6879.346,82.38033333,3,144.3,653,81.0941,178201,49.6,110749,7,113.443916
18,7/1/1993,6904.222,82.418,3,144.5,655,81.2308,180759,50.2,111055,6.9,107.1801415
19,8/1/1993,6947.096,82.41966667,3,144.8,645,81.0272,180692,50.7,111210,6.8,107.5977265
20,9/1/1993,6989.97,82.42133333,3,145,726,81.2854,181800,50.8,111455,6.7,108.4328964
21,10/1/1993,7032.844,82.423,3,145.6,704,81.7706,182910,53.4,111741,6.8,115.1142559
22,11/1/1993,7067.315667,82.14533333,3,146,769,81.9645,184746,53.8,111991,6.6,113.0263311
23,12/1/1993,7101.787333,81.86766667,3,146.3,812,82.238,186339,55.6,112314,6.5,122.7699803
24,1/1/1994,7136.259,81.59,3,146.3,619,82.3698,185128,56,112590,6.6,131.2608746
25,2/1/1994,7180.788333,81.79,3,146.7,686,82.2046,188077,56.5,112788,6.6,129.7297297
26,3/1/1994,7225.317667,81.99,3,147.1,747,82.8294,191588,56.9,113249,6.5,127.3634149
27,4/1/1994,7269.847,82.19,3,147.2,692,83.0811,191632,57.4,113596,6.4,128.8945598
28,5/1/1994,7297.316333,82.333,3.24,147.5,691,83.2688,190940,58.2,113929,6.1,129.1729498
29,6/1/1994,7324.785667,82.476,3.5,147.9,621,83.5555,193196,58.8,114248,6.1,126.94583
30,7/1/1994,7352.255,82.619,3.5,148.4,628,83.4296,193763,58.5,114618,6.1,123.8835402
31,8/1/1994,7393.723667,82.53433333,3.76,149,656,83.6645,196157,58,114900,6,127.6418049
32,9/1/1994,7435.192333,82.44966667,4,149.3,677,83.7144,197754,59,115260,5.9,127.3634149
33,10/1/1994,7476.661,82.365,4,149.4,715,84.1504,199579,59.4,115469,5.8,129.0337548
34,11/1/1994,7499.539333,82.61033333,4.4,149.8,646,84.3967,199723,59.2,115876,5.6,127.5026099
35,12/1/1994,7522.417667,82.85566667,4.75,150.1,629,84.9892,200670,56.1,116168,5.5,132.3744345
36,1/1/1995,7545.296,83.101,4.75,150.5,626,84.8572,201583,57.4,116495,5.6,135.8543092
37,2/1/1995,7565.171667,83.193,5.25,150.9,559,84.4491,198383,55.1,116693,5.4,132.3744345
38,3/1/1995,7585.047333,83.285,5.25,151.2,616,84.2726,200230,52.1,116912,5.4,125.693075
39,4/1/1995,7604.923,83.377,5.25,151.8,621,83.9276,201048,51.5,117074,5.8,128.7553648
40,5/1/1995,7638.792333,83.52766667,5.25,152.1,674,83.915,202993,46.7,117057,5.6,124.9971001
41,6/1/1995,7672.661667,83.67833333,5.25,152.4,725,83.8983,205507,45.9,117297,5.6,129.0337548
42,7/1/1995,7706.531,83.829,5.25,152.6,765,83.2584,204959,50.7,117389,5.7,131.4000696
43,8/1/1995,7737.518333,83.86233333,5.25,152.9,701,83.9893,206529,47.1,117641,5.7,133.9055794
44,9/1/1995,7768.505667,83.89566667,5.25,153.1,678,83.9933,206978,48.1,117893,5.6,123.7443452
45,10/1/1995,7799.493,83.929,5.25,153.5,696,83.5482,206157,46.7,118045,5.5,125.5538801
46,11/1/1995,7830.710667,84.05166667,5.25,153.7,664,83.4039,208661,45.9,118191,5.6,122.7699803
47,12/1/1995,7861.928333,84.17433333,5.25,153.9,709,83.3632,210434,46.2,118323,5.6,126.66744
48,1/1/1996,7893.146,84.297,5.24,154.7,714,82.4533,208731,45.5,118310,5.6,124.3011252
49,2/1/1996,7949.275667,84.23666667,5,155,769,83.3618,212011,45.9,118735,5.5,123.1875652
50,3/1/1996,8005.405333,84.17633333,5,155.5,721,82.8953,213855,46.9,119000,5.5,130.4257047
51,4/1/1996,8061.535,84.116,5,156.1,736,83.2719,214644,49.3,119165,5.6,129.0337548
52,5/1/1996,8094.037667,84.26033333,5,156.4,746,83.4885,216304,49.1,119491,5.6,124.4403201
53,6/1/1996,8126.540333,84.40466667,5,156.7,721,83.8002,216059,53.6,119772,5.3,128.6161698
54,7/1/1996,8159.043,84.549,5,157,770,83.3004,216374,49.7,120023,5.5,131.8176546
55,8/1/1996,8201.721333,84.65533333,5,157.2,826,83.3893,216355,51.6,120208,5.1,132.6528245
56,9/1/1996,8244.399667,84.76166667,5,157.7,770,83.568,219240,51.1,120421,5.2,131.8176546
57,10/1/1996,8287.078,84.868,5,158.2,720,83.1251,221039,50.5,120682,5.2,134.3231644
58,11/1/1996,8325.405333,85.187,5,158.7,771,83.4491,220989,53,120977,5.4,138.0814291
59,12/1/1996,8363.732667,85.506,5,159.1,805,83.584,221898,55.2,121148,5.4,134.8799443
60,1/1/1997,8402.06,85.825,5,159.4,830,83.2909,223524,53.8,121379,5.3,135.5759193
61,2/1/1997,8452.02,85.69733333,5,159.7,801,83.8681,225409,53.1,121687,5.2,138.777404
62,3/1/1997,8501.98,85.56966667,5,159.8,831,84.0167,226136,53.8,121999,5.2,139.194989
63,4/1/1997,8551.94,85.442,5,159.9,744,83.6057,224588,53.7,122291,5.1,141.1437188
64,5/1/1997,8598.545333,85.49766667,5,159.9,760,83.6433,222906,56.1,122554,4.9,143.6492286
65,6/1/1997,8645.150667,85.55333333,5,160.2,793,83.5875,226048,54.9,122818,5,145.4587635
66,7/1/1997,8691.756,85.609,5,160.4,805,83.7388,228738,57.7,123121,4.9,149.0778332
67,8/1/1997,8723.944,86.023,5,160.8,815,84.117,229317,56.3,123099,4.8,145.3195685
68,9/1/1997,8756.132,86.437,5,161.2,840,84.3503,230284,53.9,123598,4.9,147.5466883
69,10/1/1997,8788.32,86.851,5,161.5,800,84.5504,229822,56.4,123942,4.7,146.9899084
70,11/1/1997,8822.124,87.177,5,161.7,864,84.7469,230486,55.7,124241,4.6,149.2170282
71,12/1/1997,8855.928,87.503,5,161.8,793,84.4518,231197,54.5,124559,4.7,142.1180837
72,1/1/1998,8889.732,87.829,5,162,872,84.3386,231605,53.8,124831,4.6,148.3818583
73,2/1/1998,8924.734,88.03633333,5,162,866,83.8847,231664,52.9,125029,4.6,153.6712678
74,3/1/1998,8959.736,88.24366667,5,162,836,83.4012,233043,52.9,125174,4.7,148.2426633
75,4/1/1998,8994.738,88.451,5,162.2,866,83.1681,235976,52.2,125454,4.3,151.304953
76,5/1/1998,9045.332333,88.48166667,5,162.6,887,83.1785,237055,50.9,125856,4.4,148.2426633
77,6/1/1998,9095.926667,88.51233333,5,162.8,923,82.1565,238958,48.9,126079,4.5,146.9899084
78,7/1/1998,9146.521,88.543,5,163.2,876,81.4101,237423,49.2,126209,4.5,146.4331284
79,8/1/1998,9206.230667,88.47833333,5,163.4,846,82.6361,236412,49.3,126549,4.5,145.3195685
80,9/1/1998,9265.940333,88.41366667,5,163.5,864,82.0518,238542,48.7,126767,4.6,140.4477439
81,10/1/1998,9325.65,88.349,4.86,163.9,893,82.3026,242531,48.7,126968,4.5,135.5759193
82,11/1/1998,9366.134333,88.57233333,4.63,164.1,995,81.8555,244307,48.2,127241,4.4,142.9532537
83,12/1/1998,9406.618667,88.79566667,4.5,164.4,949,81.7748,246577,46.8,127608,4.4,139.8909639
84,1/1/1999,9447.103,89.019,4.5,164.7,875,81.7948,246891,50.6,127725,4.3,144.6235936
85,2/1/1999,9483.737,89.027,4.5,164.7,848,81.8616,249510,51.7,128135,4.4,150.4697831
86,3/1/1999,9520.371,89.035,4.5,164.8,863,81.6523,250657,52.4,128242,4.2,147.1291034
87,4/1/1999,9557.005,89.043,4.5,165.9,918,81.5575,252418,52.3,128614,4.3,145.5979585
88,5/1/1999,9608.763333,89.04366667,4.5,166,888,81.7981,254738,54.3,128825,4.2,148.6602482
89,6/1/1999,9660.521667,89.04433333,4.5,166,923,81.3544,255472,55.8,129089,4.3,149.3562232
90,7/1/1999,9712.28,89.045,4.5,166.7,900,81.5692,257441,53.6,129417,4.3,147.5466883
91,8/1/1999,9783.553667,89.14333333,4.56,167.1,893,81.6161,260253,54.8,129571,4.2,145.4587635
92,9/1/1999,9854.827333,89.24166667,4.75,167.8,826,80.98,261352,57,129796,4.2,149.2170282
93,10/1/1999,9926.101,89.34,4.75,168.1,872,81.759,261825,57.2,130190,4.1,143.6492286
94,11/1/1999,9961.077667,90.50833333,4.86,168.4,863,81.8607,264883,58.1,130479,4.1,149.2170282
95,12/1/1999,9996.054333,91.67666667,5,168.8,873,82.1959,269876,57.8,130789,4,146.7115184
96,1/1/2000,10031.031,92.845,5,169.3,873,81.9262,268091,56.7,131007,4,155.8983877
97,2/1/2000,10113.46733,92.311,5.24,170,856,81.872,272020,55.8,131138,4.1,154.9240227
98,3/1/2000,10195.90367,91.777,5.34,171,900,81.9043,275214,54.9,131605,4,149.0778332
99,4/1/2000,10278.34,91.243,5.5,170.9,841,82.2287,271004,54.7,131898,3.8,152.000928
100,5/1/2000,10304.70833,91.84733333,5.71,171.2,857,82.0849,271418,53.2,132117,4,154.0888528
101,6/1/2000,10331.07667,92.45166667,6,172.2,793,81.8942,273440,51.4,132081,4,148.1034683
102,7/1/2000,10357.445,93.056,6,172.7,887,81.5102,272638,52.5,132254,4,150.7481731
103,8/1/2000,10395.725,92.923,6,172.7,848,81.008,272943,49.9,132239,4.1,149.3562232
104,9/1/2000,10434.005,92.79,6,173.6,912,81.0587,277523,49.7,132383,3.9,148.6602482
105,10/1/2000,10472.285,92.657,6,173.9,933,80.5567,276973,48.7,132368,3.9,147.2682983
106,11/1/2000,10484.23033,93.51866667,6,174.2,880,80.3176,275923,48.5,132590,3.9,149.7738081
107,12/1/2000,10496.17567,94.38033333,6,174.6,983,79.8543,275736,43.9,132727,3.9,136.9678692
108,1/1/2001,10508.121,95.242,5.52,175.6,936,79.0958,278916,42.3,132702,4.2,131.8176546
109,2/1/2001,10551.542,94.85433333,5,176,963,78.3711,278799,42.1,132776,4.2,126.11066
110,3/1/2001,10594.963,94.46666667,4.81,176.1,939,77.9252,276468,43.1,132748,4.3,127.3634149
111,4/1/2001,10638.384,94.079,4.28,176.4,909,77.4758,280804,42.7,132469,4.4,123.0483703
112,5/1/2001,10638.75133,93.95733333,3.73,177.3,885,76.788,281540,41.3,132428,4.3,128.0593899
113,6/1/2001,10639.11867,93.83566667,3.47,177.7,882,76.1299,280399,43.2,132307,4.5,128.8945598
114,7/1/2001,10639.486,93.714,3.25,177.4,880,75.5075,279522,43.5,132199,4.6,128.6161698
115,8/1/2001,10660.09633,93.55033333,3.16,177.4,866,75.2209,281423,46.3,132053,4.9,127.3634149
116,9/1/2001,10680.70667,93.38666667,2.77,178.1,853,74.7595,276095,46.2,131803,5,113.861501
117,10/1/2001,10701.317,93.223,2.02,177.6,871,74.2739,294613,40.8,131475,5.3,115.1142559
118,11/1/2001,10745.693,92.775,1.58,177.5,924,73.7525,286960,44.1,131178,5.5,116.7845958
119,12/1/2001,10790.069,92.327,1.33,177.4,979,73.6373,283708,45.3,131001,5.7,123.6051502
120,1/1/2002,10834.445,91.879,1.25,177.7,880,73.974,283577,47.5,130852,5.7,129.4513398
121,2/1/2002,10867.88067,92.05666667,1.25,178,948,73.845,285061,50.7,130724,5.7,126.249855
122,3/1/2002,10901.31633,92.23433333,1.25,178.5,923,74.3386,284263,52.4,130707,5.7,133.2096045
123,4/1/2002,10934.752,92.412,1.25,179.3,936,74.5636,288820,52.4,130624,5.9,129.4513398
124,5/1/2002,10968.85367,92.29866667,1.25,179.5,978,74.8078,284994,53.1,130641,5.8,134.8799443
125,6/1/2002,11002.95533,92.18533333,1.25,179.6,957,75.4694,287401,53.6,130692,5.8,128.6161698
126,7/1/2002,11037.057,92.072,1.25,180,956,75.2542,290427,50.2,130615,5.8,122.6307853
127,8/1/2002,11059.316,92.19866667,1.25,180.5,1014,75.2329,292582,50.3,130608,5.7,121.9348103
128,9/1/2002,11081.575,92.32533333,1.25,180.8,1044,75.3321,288434,50.5,130541,5.7,119.8468855
129,10/1/2002,11103.834,92.452,1.25,181.2,1006,75.1097,289634,49,130654,5.7,112.1911611
130,11/1/2002,11145.91533,92.331,0.83,181.5,1024,75.5085,291475,48.5,130660,5.9,117.2021807
131,12/1/2002,11187.99667,92.21,0.75,181.8,1048,75.1658,293819,51.6,130490,6,120.6820554
132,1/1/2003,11230.078,92.089,2.25,182.6,999,75.6297,295294,51.3,130597,5.8,114.6966709
133,2/1/2003,11276.93633,92.182,2.25,183.6,936,75.8987,291178,48.8,130451,5.9,111.2167962
134,3/1/2003,11323.79467,92.275,2.25,183.9,999,75.7567,296347,46.3,130243,5.9,108.0153114
135,4/1/2003,11370.653,92.368,2.25,183.2,1012,75.2599,295643,46.1,130194,6,119.7076905
136,5/1/2003,11455.481,92.195,2.25,182.9,1078,75.3046,296395,49,130205,6.1,128.1985849
137,6/1/2003,11540.309,92.022,2,183.1,1193,75.456,299662,49,130198,6.3,124.8579051
138,7/1/2003,11625.137,91.849,2,183.7,1168,75.8049,302788,51,130217,6.2,126.528245
139,8/1/2003,11689.03367,91.99666667,2,184.5,1206,75.7089,307745,53.2,130171,6.1,124.3011252
140,9/1/2003,11752.93033,92.14433333,2,185.1,1131,76.1719,305916,52.4,130281,6.1,122.0740053
141,10/1/2003,11816.827,92.292,2,184.9,1144,76.2978,304824,55.2,130486,6,124.7187101
142,11/1/2003,11874.019,92.197,2,185,1093,76.8988,308551,58.4,130489,5.8,130.4257047
143,12/1/2003,11931.211,92.102,2,185.5,1129,76.8491,307362,60.1,130610,5.7,128.8945598
144,1/1/2004,11988.403,92.007,2,186.3,1165,77.0609,309225,60.8,130777,5.7,144.4843986
145,2/1/2004,12052.73467,92.368,2,186.7,1159,77.5318,311427,59.9,130835,5.6,131.4000696
146,3/1/2004,12117.06633,92.729,2,187.1,1276,77.1592,316935,60.6,131163,5.8,133.3487994
147,4/1/2004,12181.398,93.09,2,187.4,1186,77.5165,313531,60.6,131417,5.6,131.1216796
148,5/1/2004,12243.51333,93.48866667,2,188.2,1241,78.1411,318962,61.4,131714,5.6,125.5538801
149,6/1/2004,12305.62867,93.88733333,2.25,188.9,1180,77.5044,314971,60.5,131796,5.6,133.0704095
150,7/1/2004,12367.744,94.286,2.25,189.1,1088,78.0989,318532,59.9,131841,5.5,134.6015543
151,8/1/2004,12432.55033,94.29,2.5,189.2,1175,78.1521,318945,58.5,131957,5.4,133.4879944
152,9/1/2004,12497.35667,94.294,2.75,189.8,1214,78.2055,324607,57.4,132114,5.4,131.1216796
153,10/1/2004,12562.163,94.298,2.75,190.8,1305,78.9239,326680,56.3,132462,5.5,127.6418049
154,11/1/2004,12646.01833,94.20866667,3,191.7,1179,79.0589,327837,56.2,132525,5.4,129.1729498
155,12/1/2004,12729.87367,94.11933333,3.25,191.7,1242,79.5864,331877,57.2,132651,5.4,135.1583343
156,1/1/2005,12813.729,94.03,3.25,191.6,1203,79.9048,328957,56.8,132798,5.3,132.9312145
157,2/1/2005,12867.18033,94.215,3.5,192.4,1319,80.3724,332980,55.5,133042,5.4,130.9824846
158,3/1/2005,12920.63167,94.4,3.75,193.1,1328,80.1794,333293,55.2,133180,5.2,128.8945598
159,4/1/2005,12974.083,94.585,3.75,193.7,1260,80.2125,337003,52.2,133538,5.2,122.0740053
160,5/1/2005,13051.20367,94.731,4,193.6,1286,80.2236,334454,50.8,133710,5.1,120.9604454
161,6/1/2005,13128.32433,94.877,4.25,193.7,1274,80.4325,343955,52.4,133957,5,133.6271894
162,7/1/2005,13205.445,95.023,4.25,194.9,1389,80.0768,346690,52.8,134328,5,134.3231644
163,8/1/2005,13264.173,95.20733333,4.5,196.1,1255,80.1868,343110,52.4,134524,4.9,124.0227352
164,9/1/2005,13322.901,95.39166667,4.75,198.8,1244,78.5853,343633,56.8,134590,5,107.0409465
165,10/1/2005,13381.629,95.576,4.75,199.1,1336,79.4677,344319,57.2,134676,5,103.2826818
166,11/1/2005,13470.72067,96.04866667,5,198.1,1214,80.1673,347239,56.7,135013,5,113.583111
167,12/1/2005,13559.81233,96.52133333,5.25,198.1,1239,80.5528,347526,55.1,135168,4.9,127.3634149
168,1/1/2006,13648.904,96.994,5.5,199.3,1174,80.5391,357360,55,135450,4.7,126.94583
169,2/1/2006,13699.20067,96.984,5.5,199.4,1061,80.441,354735,55.8,135762,4.8,120.6820554
170,3/1/2006,13749.49733,96.974,5.75,199.7,1116,80.4889,355826,54.3,136059,4.7,123.7443452
171,4/1/2006,13799.794,96.964,5.75,200.7,1123,80.7021,357601,55.2,136227,4.7,121.6564204
172,5/1/2006,13836.02867,97.185,6,201.3,1086,80.4978,356524,53.7,136258,4.6,110.1032363
173,6/1/2006,13872.26333,97.406,6.25,201.8,1074,80.6795,357754,52,136337,4.6,118.1765456
174,7/1/2006,13908.498,97.627,6.25,202.9,965,80.509,359087,53,136543,4.7,117.8981557
175,8/1/2006,13961.122,97.972,6.25,203.8,1035,80.6657,360514,53.7,136722,4.7,114.139891
176,9/1/2006,14013.746,98.317,6.25,202.8,1016,80.3359,358702,52.2,136870,4.5,118.8725206
177,10/1/2006,14066.37,98.662,6.25,201.9,941,80.1196,358398,51.4,136882,4.4,130.2865097
178,11/1/2006,14121.98867,99.45733333,6.25,202,1003,79.8527,359208,50.3,137090,4.5,128.1985849
179,12/1/2006,14177.60733,100.2526667,6.25,203.1,998,80.5084,364270,51.4,137263,4.4,127.6418049
180,1/1/2007,14233.226,101.048,6.25,203.437,891,79.9069,363520,49.5,137497,4.6,134.8799443
181,2/1/2007,14296.255,100.858,6.25,204.226,828,80.5446,364090,51.9,137582,4.5,127.0850249
182,3/1/2007,14359.284,100.668,6.25,205.288,833,80.529,367414,50.7,137796,4.4,123.0483703
183,4/1/2007,14422.313,100.478,6.25,205.904,887,80.9401,366280,52.6,137855,4.5,121.2388354
184,5/1/2007,14471.43367,100.2376667,6.25,206.755,842,80.8168,370867,52.5,138008,4.4,122.9091753
185,6/1/2007,14520.55433,99.99733333,6.25,207.234,793,80.7024,368080,52.6,138085,4.6,118.7333256
186,7/1/2007,14569.675,99.757,6.25,207.603,778,80.562,369500,52.4,138055,4.7,125.83227
187,8/1/2007,14608.22667,99.95233333,5.75,207.667,699,80.6555,371019,50.9,138027,4.6,116.0886208
188,9/1/2007,14646.77833,100.1476667,5.25,208.547,686,80.9264,372936,51,138123,4.7,116.0886208
189,10/1/2007,14685.33,100.343,5,209.19,727,80.5742,375217,51.1,138201,4.7,112.6087461
190,11/1/2007,14679.70167,100.954,5,210.834,641,81.0315,378481,50.5,138307,4.7,105.9273866
191,12/1/2007,14674.07333,101.565,4.75,211.445,619,81.0955,375256,49,138411,5,105.0922167
192,1/1/2008,14668.445,102.176,3.5,212.174,627,80.9236,375280,50.3,138419,5,109.1288714
193,2/1/2008,14716.62133,101.9,3.5,212.687,593,80.6995,371734,47.6,138338,4.9,98.5500522
194,3/1/2008,14764.79767,101.624,2.5,213.448,535,80.5647,372656,48.3,138283,5.1,96.74051734
195,4/1/2008,14812.974,101.348,2.25,213.942,536,80.0116,373086,48.8,138054,5,87.1360631
196,5/1/2008,14822.977,101.5493333,2.25,215.208,504,79.6029,375851,48.8,137870,5.4,83.23860341
197,6/1/2008,14832.98,101.7506667,2.25,217.463,487,79.4358,376378,49.8,137716,5.6,78.50597378
198,7/1/2008,14842.983,101.952,2.25,219.016,477,79.0147,374837,50,137503,5.8,85.18733326
199,8/1/2008,14745.305,102.482,2.25,218.69,435,77.7686,372112,49.2,137226,6.1,87.69284306
200,9/1/2008,14647.627,103.012,2.25,218.877,433,74.3498,366377,44.8,136783,6.1,97.85407725
201,10/1/2008,14549.949,103.542,1.25,216.995,393,75,352768,38.9,136308,6.5,80.17631365
202,11/1/2008,14494.59433,102.438,1.25,213.153,389,73.9779,339776,36.5,135549,6.8,76.97482891
203,12/1/2008,14439.23967,101.334,0.5,211.398,377,71.7416,332307,33.1,134842,7.3,83.65618838
204,1/1/2009,14383.885,100.23,0.5,211.933,336,69.9564,336918,34.9,134055,7.8,85.18733326
205,2/1/2009,14369.39567,100.3873333,0.5,212.705,372,69.4334,335698,35.5,133351,8.3,78.3667788
206,3/1/2009,14354.90633,100.5446667,0.5,212.495,339,68.2804,329947,36,132549,8.7,79.75872869
207,4/1/2009,14340.417,100.702,0.5,212.709,337,67.6857,331313,39.5,131845,9,90.61593783
208,5/1/2009,14354.993,100.4186667,0.5,213.022,376,66.9755,334315,41.7,131491,9.4,95.62695743
209,6/1/2009,14369.569,100.1353333,0.5,214.79,393,66.7099,339535,45.8,131022,9.5,98.5500522
210,7/1/2009,14384.145,99.852,0.5,214.726,411,67.4651,340229,49.9,130680,9.5,91.86869273
211,8/1/2009,14444.93367,99.647,0.5,215.445,418,68.2756,346657,53.5,130484,9.6,91.45110776
212,9/1/2009,14505.72233,99.442,0.5,215.861,386,68.8642,338427,54.4,130255,9.8,102.3083169
213,10/1/2009,14566.511,99.237,0.5,216.509,396,69.1835,341578,56,130046,10,98.27166222
214,11/1/2009,14604.695,98.85666667,0.5,217.234,375,69.5735,344579,54.4,130058,9.9,93.81742257
215,12/1/2009,14642.879,98.47633333,0.5,217.347,352,69.9091,346215,55.3,129781,9.9,100.916367
216,1/1/2010,14681.063,98.096,0.5,217.488,345,70.8724,346252,57.2,129799,9.8,103.5610718
217,2/1/2010,14750.242,98.32933333,0.75,217.281,336,71.2706,346835,55.8,129726,9.8,102.4475119
218,3/1/2010,14819.421,98.56266667,0.75,217.353,381,71.8935,354564,58.8,129919,9.9,102.4475119
219,4/1/2010,14888.6,98.796,0.75,217.403,422,72.3257,357095,58.1,130140,9.9,100.498782
220,5/1/2010,14944.95333,98.77733333,0.75,217.29,280,73.5277,354267,58.3,130662,9.6,102.4475119
221,6/1/2010,15001.30667,98.75866667,0.75,217.199,305,73.7847,353811,56.4,130522,9.4,105.7881916
222,7/1/2010,15057.66,98.74,0.75,217.605,283,74.241,354457,56.4,130444,9.4,94.37420253
223,8/1/2010,15115.176,98.76866667,0.75,217.923,282,74.607,356505,58,130428,9.5,95.90534741
224,9/1/2010,15172.692,98.79733333,0.75,218.275,317,74.8782,359326,56.3,130365,9.5,94.93098248
225,10/1/2010,15230.208,98.826,0.75,219.035,291,74.7714,363736,57.7,130632,9.4,94.23500754
226,11/1/2010,15232.929,99.669,0.75,219.59,287,74.8734,367330,57.6,130761,9.8,99.66361211
227,12/1/2010,15235.65,100.512,0.75,220.472,326,75.6324,369294,57.5,130834,9.3,103.7002668
228,1/1/2011,15238.371,101.355,0.75,221.187,307,75.59,372047,59,130878,9.1,103.2826818
229,2/1/2011,15312.556,101.1063333,0.75,221.898,270,75.2711,374970,59.3,131060,9,107.8761165
230,3/1/2011,15386.741,100.8576667,0.75,223.046,300,76.0136,378472,59.1,131314,9,93.95661756
231,4/1/2011,15460.926,100.609,0.75,224.093,310,75.7258,380796,58.9,131637,9.1,97.15810231
232,5/1/2011,15502.99233,100.8743333,0.75,224.806,305,75.8396,380402,53.7,131718,9,103.4218768
233,6/1/2011,15545.05867,101.1396667,0.75,224.806,301,75.9752,383072,56.6,131952,9.1,99.52441712
234,7/1/2011,15587.125,101.405,0.75,225.395,296,76.296,382930,52.9,132024,9,88.66720798
235,8/1/2011,15653.18733,100.7293333,0.75,226.106,299,76.6413,383822,53,132136,9,77.53160886
236,9/1/2011,15719.24967,100.0536667,0.75,226.597,304,76.4931,387402,52.8,132369,9,82.68182345
237,10/1/2011,15785.312,99.378,0.75,226.75,316,76.908,390299,51.8,132578,8.8,84.76974829
238,11/1/2011,15848.16833,100.146,0.75,227.169,328,76.736,391571,52.1,132723,8.6,89.22398794
239,12/1/2011,15911.02467,100.914,0.75,227.223,341,77.0264,391744,53.1,132924,8.5,97.2972973
240,1/1/2012,15973.881,101.682,0.75,227.842,335,77.3594,395317,52.8,133272,8.3,104.3962417
241,2/1/2012,16023.20433,101.6963333,0.75,228.329,366,77.4425,400042,52.4,133505,8.3,104.8138267
242,3/1/2012,16072.52767,101.7106667,0.75,228.807,354,76.9348,401859,53,133769,8.2,106.0665816
243,4/1/2012,16121.851,101.725,0.75,229.187,354,77.3933,400077,53.7,133841,8.2,106.3449716
244,5/1/2012,16157.21367,101.8556667,0.75,228.713,370,77.4049,399370,53.2,133958,8.2,110.3816263
245,6/1/2012,16192.57633,101.9863333,0.75,228.524,360,77.2452,395782,51,134026,8.2,101.8907319
246,7/1/2012,16227.939,102.117,0.75,228.59,369,77.3326,397347,50.6,134182,8.2,100.637977
247,8/1/2012,16251.07567,103.1886667,0.75,229.918,375,76.9007,401904,51.1,134355,8.1,103.4218768
248,9/1/2012,16274.21233,104.2603333,0.75,231.015,385,76.7809,405658,52.2,134549,7.8,108.9896764
249,10/1/2012,16297.349,105.332,0.75,231.638,358,76.843,405877,51.2,134702,7.8,114.9750609
250,11/1/2012,16356.71267,104.3806667,0.75,231.249,392,77.1112,407386,49.5,134832,7.7,115.1142559
251,12/1/2012,16416.07633,103.4293333,0.75,231.221,399,77.2492,409343,50.4,135075,7.9,101.473147
252,1/1/2013,16475.44,102.478,0.75,231.679,442,77.1119,412125,52.3,135282,8,102.7259019
253,2/1/2013,16497.42333,102.9753333,0.75,232.937,439,77.4353,416603,53.1,135547,7.7,108.0153114
254,3/1/2013,16519.40667,103.4726667,0.75,232.282,449,77.644,413848,51.5,135703,7.5,109.4072613
255,4/1/2013,16541.39,103.97,0.75,231.797,451,77.4662,412655,50,135882,7.6,106.3449716
256,5/1/2013,16610.70967,103.896,0.75,231.893,430,77.4315,414182,50,136122,7.5,117.6197657
257,6/1/2013,16680.02933,103.822,0.75,232.445,463,77.5086,415777,52.5,136280,7.5,117.0629857
258,7/1/2013,16749.349,103.748,0.75,232.9,376,77.06,418222,54.9,136391,7.3,118.4549356
259,8/1/2013,16832.862,103.5843333,0.75,233.456,380,77.5511,417503,56.3,136651,7.2,114.279086
260,9/1/2013,16916.375,103.4206667,0.75,233.544,399,77.8696,417565,56,136852,7.2,107.8761165
261,10/1/2013,16999.888,103.257,0.75,233.669,444,77.7058,419693,56.6,137062,7.2,101.8907319
262,11/1/2013,17010.36667,104.155,0.75,234.1,446,77.8833,421033,57,137283,6.9,104.5354367
263,12/1/2013,17020.84533,105.053,0.75,234.719,441,78.0532,423005,56.5,137376,6.7,114.8358659
264,1/1/2014,17031.324,105.951,0.75,235.347,447,77.6284,418800,51.3,137550,6.6,113.0263311
265,2/1/2014,17127.85633,105.5353333,0.75,235.522,423,78.2309,424117,54.3,137732,6.7,113.583111
266,3/1/2014,17224.38867,105.1196667,0.75,235.956,410,78.8959,429720,54.4,137993,6.7,111.3559912
267,4/1/2014,17320.921,104.704,0.75,236.463,401,78.9238,433675,55.3,138304,6.3,117.0629857
268,5/1/2014,17421.36633,104.593,0.75,236.867,452,79.0659,434334,55.6,138556,6.3,114.000696
269,6/1/2014,17521.81167,104.482,0.75,237.188,416,79.2271,435094,55.7,138862,6.1,114.8358659
270,7/1/2014,17622.257,104.371,0.75,237.485,402,79.2315,435688,56.4,139058,6.2,113.165526
271,8/1/2014,17660.149,104.9476667,0.75,237.439,449,79.0559,439554,58.1,139284,6.2,114.8358659
272,9/1/2014,17698.041,105.5243333,0.75,237.452,466,79.1766,438687,56.1,139568,5.9,117.7589607
273,10/1/2014,17735.933,106.101,0.75,237.447,474,79.086,440396,57.9,139823,5.7,120.9604454
274,11/1/2014,17782.19367,106.1516667,0.75,237.042,446,79.6156,442106,57.6,140130,5.8,123.6051502
275,12/1/2014,17828.45433,106.2023333,0.75,236.27,492,79.3998,439323,55.1,140381,5.6,130.2865097
276,1/1/2015,17874.715,106.253,0.75,234.836,523,78.8435,435929,53.5,140592,5.7,136.5502842
277,2/1/2015,17947.55133,106.453,0.75,235.274,549,78.429,434153,52.9,140859,5.5,132.7920195
278,3/1/2015,18020.38767,106.653,0.75,235.956,481,78.1172,442225,51.5,140937,5.5,129.4513398
279,4/1/2015,18093.224,106.853,0.75,236.165,500,77.6688,442183,51.5,141219,5.4,133.4879944
280,5/1/2015,18138.04567,106.8156667,0.75,236.952,504,77.254,446238,52.8,141545,5.5,126.249855
281,6/1/2015,18182.86733,106.7783333,0.75,237.618,476,76.9332,446238,53.5,141736,5.3,133.7663844
282,7/1/2015,18227.689,106.741,0.75,237.993,498,77.3123,449403,52.7,141992,5.2,129.5905347
283,8/1/2015,18247.53467,107.3603333,0.75,237.989,513,77.2003,449592,51.1,142156,5.1,127.9201949
284,9/1/2015,18267.38033,107.9796667,0.75,237.467,461,76.876,449496,50.2,142244,5,121.3780304
285,10/1/2015,18287.226,108.599,0.75,237.764,482,76.5766,448616,49.4,142595,5,125.2754901
286,11/1/2015,18299.87967,108.3466667,0.75,238.072,508,76.0883,450509,48.4,142859,5,127.0850249
287,12/1/2015,18312.53333,108.0943333,1,237.827,536,75.7183,452756,48,143093,5,128.8945598
288,1/1/2016,18325.187,107.842,1,237.99,520,76.2521,448171,48.2,143196,4.9,128.0593899
289,2/1/2016,18396.13767,108.1723333,1,237.532,525,75.7089,451209,49.7,143453,4.9,127.6418049
290,3/1/2016,18467.08833,108.5026667,1,238.022,533,75.0794,451274,51.7,143688,5,126.66744
291,4/1/2016,18538.039,108.833,1,238.843,566,75.1924,454231,50.7,143862,5,123.8835402
292,5/1/2016,18601.736,108.842,1,239.439,560,75.0425,455753,51,143896,4.7,131.8176546
293,6/1/2016,18665.433,108.851,1,240.074,559,75.2555,460563,52.8,144181,4.9,130.1473147
294,7/1/2016,18729.13,108.86,1,240.058,627,75.3571,459744,52.3,144506,4.9,125.2754901
295,8/1/2016,18787.935,108.35,1,240.569,567,75.2584,460198,49.4,144681,4.9,124.9971001
296,9/1/2016,18846.74,107.84,1,241.017,570,75.1197,463045,51.7,144945,5,126.94583
297,10/1/2016,18905.545,107.33,1,241.667,577,75.1762,465977,52,145085,4.9,121.3780304
298,11/1/2016,18956.265,107.7753333,1,242.081,579,74.9773,465668,53.5,145257,4.6,130.5648997
299,12/1/2016,19006.985,108.2206667,1.25,242.784,548,75.6544,468940,54.5,145437,4.7,136.6894792
300,1/1/2017,19057.705,108.666,1.25,244.028,599,75.4469,474029,56,145696,4.8,137.1070641
301,2/1/2017,19121.80633,108.572,1.25,244.102,615,75.1426,473111,57.6,145896,4.7,134.0447744
302,3/1/2017,19185.90767,108.478,1.5,243.717,638,75.5371,472991,56.6,145969,4.5,134.8799443
303,4/1/2017,19250.009,108.384,1.5,244.087,590,76.2446,474547,55.3,146144,4.4,135.0191393
